"quad","year","species","count","notes"
"Q1",32,"Lappula occidentalis",25,
"Q1",32,"Adenostegia ramosa",6,
"Q1",32,"Pseudoroegneria spicata",30,
"Q1",32,"Gayophytum diffusum",2,
"Q1",32,"Artemisia tripartita",6,
"Q1",32,"Phlox stansburyi",1,
"Q1",32,"Sphaerostigma andinum",1,
"Q1",32,"Chenopodium inamoenum",3,
"Q1",33,"Artemisia tripartita",1,
"Q1",33,"Lappula occidentalis",1,
"Q1",33,"Tetradymia canescens",1,
"Q1",33,"Phlox multiflora",1,
"Q1",35,"Chenopodium inamoenum",4,
"Q1",35,"Lappula occidentalis",18,
"Q1",35,"Cordylanthus ramosus",28,
"Q1",36,"Lappula occidentalis",40,
"Q1",36,"Cordylanthus ramosus",16,
"Q1",36,"Chenopodium inamoenum",2,
"Q1",36,"Camissonia andina",1,
"Q1",36,"Gayophytum diffusum",6,
"Q1",36,"Descurainia pinnata",5,
"Q1",37,"Lappula occidentalis",6,
"Q1",38,"Polygonum douglasii",1,
"Q1",38,"Cordylanthus ramosus",2,
"Q1",38,"Lappula occidentalis",1,
"Q1",38,"Camissonia andina",1,
"Q1",39,"Polygonum douglasii",1,
"Q1",40,"Lappula occidentalis",1,
"Q1",40,"Cordylanthus ramosus",5,
"Q1",41,"Lappula occidentalis",5,
"Q1",41,"Descurainia spp.",5,
"Q1",41,"Cordylanthus ramosus",3,
"Q1",41,"Bromus tectorum",1,
"Q1",42,"Lappula occidentalis",1,
"Q1",45,"Lappula occidentalis",3,
"Q1",45,"Cryptantha ambigua",3,
"Q1",46,"Lappula occidentalis",2,
"Q1",47,"Draba verna",4,
"Q1",47,"Lappula occidentalis",1,
"Q1",47,"Chenopodium spp.",3,
"Q1",50,"Lappula occidentalis",2,
"Q1",50,"Polygonum douglasii",1,
"Q1",51,"Lappula occidentalis",20,
"Q1",51,"Polygonum douglasii",2,
"Q1",51,"unknown annual",1,
"Q1",51,"Draba spp.",8,
"Q1",52,"Lappula occidentalis",10,
"Q1",52,"Bromus tectorum",7,
"Q1",55,"unknown annual",6,
"Q2",32,"Pseudoroegneria spicata",66,
"Q2",32,"Cordylanthus ramosus",37,
"Q2",32,"Artemisia tripartita",72,
"Q2",32,"Gayophytum diffusum",10,
"Q2",32,"Poa secunda",2,
"Q2",32,"Antennaria microphylla",1,
"Q2",32,"Lomatium sp.",2,
"Q2",33,"Pseudoroegneria spicata",6,
"Q2",33,"Artemisia tripartita",17,
"Q2",35,"Cordylanthus ramosus",42,
"Q2",35,"Leptosiphon liniflorus",5,
"Q2",35,"Lappula occidentalis",1,
"Q2",35,"unknown annual",3,
"Q2",35,"Bromus tectorum",1,
"Q2",36,"Lappula occidentalis",14,"2 X 50% cruise"
"Q2",36,"Camissonia andina",32,"2 X 50% cruise"
"Q2",36,"Gilia tweedyi",42,"2 X 50% cruise"
"Q2",36,"Cordylanthus ramosus",22,"2 X 50% cruise"
"Q2",36,"Leptosiphon liniflorus",64,"2 X 50% cruise"
"Q2",36,"Bromus tectorum",2,"2 X 50% cruise"
"Q2",37,"Camissonia andina",2,"2 X 50% cruise"
"Q2",37,"Lappula occidentalis",2,"2 X 50% cruise"
"Q2",38,"Cordylanthus ramosus",17,
"Q2",38,"Bromus tectorum",2,
"Q2",38,"Sphaerostigma andinum",6,
"Q2",38,"Gayophytum diffusum",1,
"Q2",38,"Polygonum douglasii",8,
"Q2",40,"Gayophytum diffusum",7,
"Q2",40,"Polygonum douglasii",1,
"Q2",40,"Cordylanthus ramosus",2,
"Q2",41,"Leptosiphon liniflorus",5,
"Q2",41,"Camissonia andina",4,
"Q2",41,"Cordylanthus ramosus",3,
"Q2",42,"Lappula occidentalis",1,
"Q2",45,"Cryptantha ambigua",45,
"Q2",45,"Leptosiphon liniflorus",23,
"Q2",45,"Collinsia parviflora",24,
"Q2",45,"Camissonia andina",9,
"Q2",45,"Polygonum douglasii",1,
"Q2",46,"Cordylanthus ramosus",45,
"Q2",46,"Collinsia parviflora",5,
"Q2",46,"Polygonum douglasii",1,
"Q2",46,"unknown annual",2,
"Q2",46,"unknown annual",1,
"Q2",47,"Collinsia parviflora",1,
"Q2",47,"Cordylanthus ramosus",1,
"Q2",49,"Polygonum douglasii",1,
"Q2",50,"Lappula occidentalis",1,
"Q2",50,"Polygonum douglasii",1,
"Q2",50,"Cordylanthus ramosus",4,
"Q2",52,"Polygonum douglasii",4,
"Q2",52,"Cordylanthus ramosus",13,
"Q2",55,"unknown annual",10,
"Q2",56,"Cordylanthus ramosus",1,
"Q3",32,"Pseudoroegneria spicata",111,
"Q3",32,"Astragalus lentiginosus",3,
"Q3",32,"Artemisia tripartita",35,
"Q3",32,"Lappula occidentalis",6,
"Q3",32,"Gutierrezia sarothrae",4,
"Q3",32,"Polygonum buxiforme",1,
"Q3",32,"Antennaria microphylla",2,
"Q3",35,"Cordylanthus ramosus",15,
"Q3",35,"Lappula occidentalis",1,
"Q3",35,"Polygonum douglasii",1,
"Q3",36,"Cordylanthus ramosus",4,
"Q3",36,"Cryptantha spp.",5,
"Q3",36,"Lappula occidentalis",5,
"Q3",37,"Polygonum douglasii",6,
"Q3",37,"Cordylanthus ramosus",8,
"Q3",37,"Camissonia andina",1,
"Q3",39,"Cordylanthus ramosus",2,
"Q3",39,"Polygonum douglasii",1,
"Q3",40,"Cordylanthus ramosus",9,
"Q3",40,"Polygonum douglasii",8,
"Q3",41,"Polygonum douglasii",22,
"Q3",41,"Cordylanthus ramosus",9,
"Q3",42,"Cordylanthus ramosus",1,
"Q3",45,"Cryptantha spp.",39,
"Q3",45,"Polygonum douglasii",13,
"Q3",46,"Cordylanthus ramosus",12,
"Q3",46,"unknown annual",3,
"Q3",47,"Cordylanthus ramosus",1,
"Q3",50,"Cordylanthus ramosus",1,
"Q3",52,"Cordylanthus ramosus",13,
"Q3",52,"Polygonum douglasii",6,
"Q3",52,"Chenopodium inamoenum",1,
"Q3",56,"Cordylanthus ramosus",2,
"Q4",32,"Lappula occidentalis",95,
"Q4",32,"Gayophytum diffusum",26,
"Q4",32,"Cordylanthus ramosus",5,
"Q4",32,"Pseudoroegneria spicata",141,
"Q4",32,"Artemisia tripartita",24,
"Q4",32,"Poa cusickii",1,
"Q4",32,"Astragalus lentiginosus",1,
"Q4",32,"Antennaria microphylla",1,
"Q4",32,"unknown annual",1,
"Q4",33,"Artemisia tripartita",8,
"Q4",35,"Camissonia andina",17,
"Q4",35,"Lappula occidentalis",188,
"Q4",35,"unknown annual",16,
"Q4",35,"Cordylanthus ramosus",31,
"Q4",35,"Leptosiphon liniflorus",17,
"Q4",35,"Polygonum douglasii",6,
"Q4",35,"Gayophytum diffusum",3,
"Q4",35,"Collinsia parviflora",4,
"Q4",35,"Chenopodium inamoenum",1,
"Q4",36,"Lappula occidentalis",214,
"Q4",36,"Collinsia parviflora",9,
"Q4",36,"Gayophytum diffusum",3,
"Q4",36,"Polygonum douglasii",8,
"Q4",36,"Leptosiphon liniflorus",10,
"Q4",36,"Cordylanthus ramosus",3,
"Q4",37,"Lappula occidentalis",153,
"Q4",37,"Polygonum douglasii",18,
"Q4",37,"Cryptantha spp.",14,
"Q4",37,"Collinsia parviflora",7,
"Q4",37,"Leptosiphon liniflorus",7,
"Q4",37,"Sphaerostigma andinum",6,
"Q4",38,"Cordylanthus ramosus",7,
"Q4",38,"Gayophytum diffusum",7,
"Q4",38,"Polygonum douglasii",23,
"Q4",38,"Camissonia andina",16,
"Q4",38,"Lappula occidentalis",4,
"Q4",39,"Polygonum douglasii",2,
"Q4",39,"Camissonia andina",2,
"Q4",40,"Polygonum douglasii",18,
"Q4",40,"Cordylanthus ramosus",1,
"Q4",40,"unknown annual",7,
"Q4",40,"Camissonia andina",3,
"Q4",40,"Lappula occidentalis",2,
"Q4",41,"Lappula occidentalis",8,
"Q4",41,"Cordylanthus ramosus",4,
"Q4",41,"Polygonum douglasii",49,
"Q4",41,"Gayophytum diffusum",4,
"Q4",41,"Leptosiphon liniflorus",6,
"Q4",42,"Polygonum douglasii",8,
"Q4",45,"Cordylanthus ramosus",8,
"Q4",45,"Gayophytum diffusum",16,
"Q4",45,"Polygonum douglasii",55,
"Q4",45,"Collinsia parviflora",2,
"Q4",45,"Hackelia patens",2,
"Q4",45,"Leptosiphon liniflorus",5,
"Q4",46,"Polygonum douglasii",36,
"Q4",46,"Bromus tectorum",1,
"Q4",46,"Collinsia parviflora",2,
"Q4",46,"Cordylanthus ramosus",2,
"Q4",47,"Polygonum douglasii",3,
"Q4",52,"Polygonum douglasii",11,
"Q4",52,"Bromus tectorum",2,
"Q4",55,"unknown annual",6,
"Q5",32,"Pseudoroegneria spicata",79,
"Q5",32,"Artemisia tripartita",26,
"Q5",32,"Lappula occidentalis",12,
"Q5",32,"Phlox stansburyi",1,
"Q5",32,"Castilleja angustifolia",1,
"Q5",32,"Lupinus caudatus",1,
"Q5",32,"Astragalus lentiginosus",1,
"Q5",33,"Artemisia tripartita",1,
"Q5",33,"Lappula occidentalis",1,
"Q5",35,"Gayophytum diffusum",4,
"Q5",35,"Collinsia parviflora",7,
"Q5",35,"Lappula occidentalis",30,
"Q5",35,"Polygonum douglasii",1,
"Q5",35,"Chenopodium inamoenum",1,
"Q5",35,"Cordylanthus ramosus",1,
"Q5",36,"Polygonum douglasii",10,
"Q5",36,"Collinsia parviflora",20,
"Q5",36,"Camissonia andina",1,
"Q5",36,"Lappula occidentalis",57,
"Q5",36,"Bromus tectorum",1,
"Q5",36,"Chenopodium inamoenum",3,
"Q5",36,"Cordylanthus ramosus",2,
"Q5",37,"Lappula occidentalis",2,
"Q5",37,"Polygonum douglasii",1,
"Q5",38,"Polygonum douglasii",11,
"Q5",38,"Sphaerostigma andinum",2,
"Q5",38,"Gayophytum diffusum",1,
"Q5",38,"Lappula occidentalis",4,
"Q5",38,"Cordylanthus ramosus",1,
"Q5",39,"Polygonum douglasii",1,
"Q5",40,"Polygonum douglasii",11,
"Q5",41,"Lappula occidentalis",13,
"Q5",41,"Polygonum douglasii",12,
"Q5",41,"Gayophytum diffusum",1,
"Q5",41,"Bromus tectorum",3,
"Q5",42,"Cryptantha ambigua",12,
"Q5",42,"Polygonum douglasii",2,
"Q5",42,"Bromus tectorum",2,
"Q5",45,"Polygonum douglasii",34,
"Q5",45,"Bromus tectorum",10,
"Q5",45,"Collinsia parviflora",3,
"Q5",45,"Lappula occidentalis",2,
"Q5",46,"Bromus tectorum",3,
"Q5",46,"Polygonum douglasii",19,
"Q5",47,"Polygonum douglasii",6,
"Q5",47,"Bromus tectorum",6,
"Q5",47,"Lappula occidentalis",1,
"Q5",49,"Bromus tectorum",20,
"Q5",49,"Polygonum douglasii",1,
"Q5",49,"Lappula occidentalis",5,
"Q5",50,"Bromus tectorum",61,
"Q5",50,"Lappula occidentalis",5,
"Q5",50,"Polygonum douglasii",2,
"Q5",51,"Bromus tectorum",147,
"Q5",51,"Lappula occidentalis",34,
"Q5",52,"Bromus tectorum",177,
"Q5",52,"Lappula occidentalis",17,
"Q5",52,"Polygonum douglasii",6,
"Q5",54,"Bromus tectorum",32,
"Q5",55,"Bromus tectorum",37,
"Q5",55,"Lappula occidentalis",20,
"Q5",55,"unknown annual",2,
"Q6",32,"Pseudoroegneria spicata",82,
"Q6",32,"Artemisia tripartita",33,
"Q6",32,"Chenopodium album",1,
"Q6",32,"Poa secunda",29,
"Q6",32,"Lappula occidentalis",3,
"Q6",33,"Artemisia tripartita",7,
"Q6",33,"Pseudoroegneria spicata",2,
"Q6",35,"Lappula occidentalis",5,
"Q6",35,"Cordylanthus ramosus",2,
"Q6",36,"Cordylanthus ramosus",11,
"Q6",36,"Lappula occidentalis",30,
"Q6",39,"Polygonum douglasii",1,
"Q6",46,"Bromus tectorum",1,
"Q6",46,"Collinsia parviflora",1,
"Q6",50,"Cordylanthus ramosus",1,
"Q6",50,"unknown annual",1,
"Q6",51,"Draba spp.",1,
"Q7",23,"Lappula sp.",2,
"Q7",23,"Collinsia parviflora",3,
"Q7",23,"Chenopodium spp.",,
"Q7",26,"Bromus tectorum",15,
"Q7",29,"Bromus tectorum",30,
"Q7",32,"Polygonum buxiforme",2,
"Q7",32,"Bromus tectorum",47,
"Q7",32,"Poa cusickii",8,
"Q7",32,"Pseudoroegneria spicata",20,
"Q7",32,"Chenopodium inamoenum",9,
"Q7",32,"Artemisia tripartita",52,
"Q7",32,"Lappula occidentalis",10,
"Q7",32,"Nassella viridula",17,
"Q7",32,"Linanthus pungens",1,
"Q7",32,"Crepis acuminata",4,
"Q7",32,"Gayophytum diffusum",5,
"Q7",32,"Cordylanthus ramosus",1,
"Q7",32,"Achnatherum hymenoides",5,
"Q7",33,"Artemisia tripartita",14,
"Q7",33,"Bromus tectorum",15,
"Q7",33,"Gayophytum diffusum",8,
"Q7",33,"Polygonum buxiforme",4,
"Q7",33,"Lappula occidentalis",4,
"Q7",35,"Bromus tectorum",30,
"Q7",35,"Gayophytum diffusum",20,
"Q7",35,"Lappula occidentalis",34,
"Q7",35,"Chenopodium inamoenum",24,
"Q7",35,"Cordylanthus ramosus",13,
"Q7",35,"unknown annual",49,
"Q7",35,"Collinsia parviflora",5,
"Q7",35,"Polygonum douglasii",11,
"Q7",35,"Camissonia andina",3,
"Q7",35,"Lepidium spp.",1,
"Q7",35,"unknown annual mustard",1,
"Q7",36,"Pseudoroegneria spicata",70,"2 X 50% cruise"
"Q7",36,"Crepis acuminata",490,"2 X 50% cruise"
"Q7",36,"Hesperostipa comata",162,"2 X 50% cruise"
"Q7",36,"Polygonum douglasii",124,"2 X 50% cruise"
"Q7",36,"Lappula occidentalis",216,"2 X 50% cruise"
"Q7",36,"Cordylanthus ramosus",96,"2 X 50% cruise"
"Q7",36,"Bromus tectorum",146,"2 X 50% cruise"
"Q7",36,"Camissonia andina",24,"2 X 50% cruise"
"Q7",36,"Chenopodium inamoenum",20,"2 X 50% cruise"
"Q7",36,"Gayophytum diffusum",16,"2 X 50% cruise"
"Q7",36,"Collinsia parviflora",8,"2 X 50% cruise"
"Q7",37,"Bromus tectorum",58,"2 X 50% cruise"
"Q7",37,"Lappula occidentalis",8,"2 X 50% cruise"
"Q7",37,"Polygonum douglasii",16,"2 X 50% cruise"
"Q7",37,"Gayophytum diffusum",10,"2 X 50% cruise"
"Q7",38,"Lappula occidentalis",18,
"Q7",38,"Chenopodium inamoenum",22,
"Q7",38,"Bromus tectorum",20,
"Q7",38,"Polygonum douglasii",4,
"Q7",39,"Bromus tectorum",51,
"Q7",39,"Polygonum douglasii",14,
"Q7",39,"Chenopodium inamoenum",1,
"Q7",40,"Polygonum douglasii",15,
"Q7",40,"Bromus tectorum",46,
"Q7",40,"Cordylanthus ramosus",2,
"Q7",41,"Bromus tectorum",316,
"Q7",41,"Lappula occidentalis",7,
"Q7",42,"Lappula occidentalis",4,
"Q7",42,"Bromus tectorum",1496,
"Q7",42,"Camissonia andina",4,
"Q7",42,"Polygonum douglasii",3,
"Q7",45,"Polygonum douglasii",8,
"Q7",45,"Bromus tectorum",304,
"Q7",45,"Hackelia patens",4,
"Q7",46,"Bromus tectorum",7,
"Q7",46,"Gayophytum spp.",1,
"Q7",46,"Collinsia parviflora",1,
"Q7",47,"Bromus tectorum",59,
"Q7",47,"Lappula occidentalis",2,
"Q7",47,"Chenopodium spp.",2,
"Q7",49,"Bromus tectorum",24,
"Q7",50,"Polygonum douglasii",4,
"Q7",50,"Bromus tectorum",54,
"Q7",51,"Bromus tectorum",115,
"Q7",52,"Bromus tectorum",36,
"Q7",52,"Lappula occidentalis",1,
"Q7",52,"Chenopodium inamoenum",2,
"Q7",52,"Polygonum douglasii",1,
"Q7",54,"Bromus tectorum",8,
"Q7",55,"Lappula occidentalis",34,
"Q7",55,"unknown annual",11,
"Q7",55,"Bromus tectorum",14,
"Q7",57,"Bromus tectorum",14,
"Q7",57,"unknown annual",5,
"Q7",57,"Chenopodium inamoenum",6,
"Q7",57,"Lomatium macrocarpum",1,
"Q8",23,"Lappula sp.",2,
"Q8",32,"Pseudoroegneria spicata",52,
"Q8",32,"Chenopodium inamoenum",2,
"Q8",32,"Artemisia tripartita",45,
"Q8",32,"Crepis acuminata",26,
"Q8",32,"Linanthus pungens",27,
"Q8",32,"Bromus tectorum",3,
"Q8",32,"Lappula occidentalis",2,
"Q8",32,"Achnatherum hymenoides",4,
"Q8",33,"Artemisia tripartita",9,
"Q8",33,"Linanthus pungens",15,
"Q8",33,"Phlox stansburyi",1,
"Q8",35,"Chenopodium inamoenum",70,
"Q8",35,"Bromus tectorum",29,
"Q8",35,"Cordylanthus ramosus",32,
"Q8",35,"Salsola tragus",6,
"Q8",35,"Descurainia pinnata",1,
"Q8",35,"Lappula occidentalis",4,
"Q8",35,"Sphaerostigma andinum",1,
"Q8",36,"Bromus tectorum",20,"2 X 50% cruise"
"Q8",36,"Lappula occidentalis",24,"2 X 50% cruise"
"Q8",36,"Sphaerostigma andinum",12,"2 X 50% cruise"
"Q8",36,"Cordylanthus ramosus",28,"2 X 50% cruise"
"Q8",36,"Polygonum douglasii",6,"2 X 50% cruise"
"Q8",36,"Chenopodium inamoenum",16,"2 X 50% cruise"
"Q8",37,"Gayophytum diffusum",5,
"Q8",37,"Bromus tectorum",2,
"Q8",38,"Cordylanthus ramosus",60,
"Q8",38,"Chenopodium inamoenum",17,
"Q8",39,"Polygonum douglasii",2,
"Q8",39,"Cordylanthus ramosus",36,
"Q8",39,"Bromus tectorum",6,
"Q8",40,"Cordylanthus ramosus",14,
"Q8",40,"Polygonum douglasii",8,
"Q8",40,"Bromus tectorum",5,
"Q8",40,"Lappula occidentalis",1,
"Q8",40,"Chenopodium inamoenum",7,
"Q8",41,"Bromus tectorum",67,
"Q8",41,"Cordylanthus ramosus",4,
"Q8",41,"Lepidium densiflorum",2,
"Q8",41,"Lappula occidentalis",13,
"Q8",41,"Polygonum douglasii",1,
"Q8",41,"Chenopodium inamoenum",1,
"Q8",42,"Bromus tectorum",617,
"Q8",42,"Lappula occidentalis",2,
"Q8",42,"Chenopodium inamoenum",2,
"Q8",42,"Lithospermum ruderale",1,
"Q8",42,"Camissonia andina",1,
"Q8",45,"Bromus tectorum",709,
"Q8",45,"Cryptantha affinis",7,
"Q8",45,"Lactuca spp.",18,
"Q8",46,"Bromus tectorum",117,
"Q8",46,"Cordylanthus ramosus",6,
"Q8",46,"Lewisia rediviva",5,
"Q8",46,"Lactuca spp.",4,
"Q8",47,"unknown annual",2,
"Q8",47,"Bromus tectorum",125,
"Q8",47,"Lappula occidentalis",4,
"Q8",47,"Polygonum douglasii",3,
"Q8",47,"Chenopodium spp.",8,
"Q8",47,"Cordylanthus ramosus",1,
"Q8",47,"unknown annual",1,
"Q8",49,"Bromus tectorum",16,
"Q8",49,"Polygonum douglasii",1,
"Q8",50,"Bromus tectorum",80,
"Q8",50,"Lappula occidentalis",8,
"Q8",50,"unknown annual",6,
"Q8",50,"Polygonum douglasii",4,
"Q8",51,"Bromus tectorum",73,
"Q8",51,"Polygonum douglasii",4,
"Q8",51,"Lappula occidentalis",22,
"Q8",52,"Bromus tectorum",47,
"Q8",52,"Chenopodium inamoenum",4,
"Q8",52,"Lappula occidentalis",6,
"Q8",52,"unknown annual",1,
"Q8",52,"Cordylanthus ramosus",3,
"Q8",54,"Bromus tectorum",10,
"Q8",55,"unknown annual",93,
"Q8",55,"Bromus tectorum",12,
"Q8",56,"Cordylanthus ramosus",1,
"Q8",57,"Cordylanthus ramosus",7,
"Q8",57,"Bromus tectorum",3,
"Q8",57,"Chenopodium inamoenum",10,
"Q8",57,"Crucifer",2,
"Q9",32,"Nassella viridula",41,
"Q9",32,"Artemisia tripartita",22,
"Q9",32,"Phlox multiflora",5,
"Q9",32,"Adenostegia ramosa",2,
"Q9",32,"Chenopodium inamoenum",14,
"Q9",32,"Pseudoroegneria spicata",16,
"Q9",32,"Poa cusickii",5,
"Q9",32,"Lappula occidentalis",3,
"Q9",32,"Poa secunda",1,
"Q9",32,"Achnatherum hymenoides",1,
"Q9",32,"Tetradymia canescens",1,
"Q9",32,"Bromus tectorum",10,
"Q9",32,"Eriogonum microthecum",2,
"Q9",32,"Linanthus pungens",14,
"Q9",32,"Gutierrezia sarothrae",4,
"Q9",32,"Phlox stansburyi",1,
"Q9",33,"Artemisia tripartita",8,
"Q9",33,"Chrysothamnus viscidiflorus",2,
"Q9",35,"Bromus tectorum",13,
"Q9",35,"Cordylanthus ramosus",29,
"Q9",35,"Chenopodium inamoenum",47,
"Q9",35,"Lappula occidentalis",12,
"Q9",35,"Salsola tragus",3,
"Q9",35,"Polygonum douglasii",1,
"Q9",36,"Lappula occidentalis",25,
"Q9",36,"Cordylanthus ramosus",31,
"Q9",36,"Chenopodium inamoenum",25,
"Q9",36,"Bromus tectorum",48,
"Q9",36,"Cryptantha spp.",2,
"Q9",36,"Leptosiphon liniflorus",5,
"Q9",36,"Polygonum douglasii",2,
"Q9",37,"Cryptantha spp.",1,
"Q9",37,"Polygonum douglasii",1,
"Q9",37,"Lappula occidentalis",3,
"Q9",38,"Cordylanthus ramosus",7,
"Q9",38,"Chenopodium inamoenum",35,
"Q9",38,"Lappula occidentalis",1,
"Q9",39,"Cordylanthus ramosus",2,
"Q9",39,"Chenopodium inamoenum",3,
"Q9",39,"Polygonum douglasii",7,
"Q9",40,"Cordylanthus ramosus",4,
"Q9",40,"Chenopodium inamoenum",4,
"Q9",40,"Bromus tectorum",1,
"Q9",40,"Lappula occidentalis",1,
"Q9",40,"Polygonum douglasii",10,
"Q9",41,"Bromus tectorum",12,
"Q9",41,"Lappula occidentalis",38,
"Q9",41,"Polygonum douglasii",3,
"Q9",41,"Cordylanthus ramosus",1,
"Q9",42,"Bromus tectorum",253,
"Q9",42,"Camissonia andina",10,
"Q9",42,"Lappula occidentalis",13,
"Q9",42,"Chenopodium inamoenum",2,
"Q9",45,"Hackelia patens",21,
"Q9",45,"Bromus tectorum",362,
"Q9",45,"Lappula occidentalis",3,
"Q9",45,"Salsola tragus",4,
"Q9",46,"Bromus tectorum",2,
"Q9",47,"Bromus tectorum",19,
"Q9",47,"unknown annual",3,
"Q9",47,"Cordylanthus ramosus",1,
"Q9",47,"Lactuca serriola",1,
"Q9",47,"Lappula occidentalis",2,
"Q9",47,"Collinsia parviflora",1,
"Q9",49,"Bromus tectorum",11,
"Q9",50,"Bromus tectorum",35,
"Q9",50,"Lappula occidentalis",1,
"Q9",50,"unknown annual",2,
"Q9",51,"Bromus tectorum",85,
"Q9",52,"Bromus tectorum",30,
"Q9",52,"Polygonum douglasii",3,
"Q9",52,"Chenopodium inamoenum",1,
"Q9",52,"unknown annual",1,
"Q9",54,"Bromus tectorum",21,
"Q9",55,"unknown annual",21,
"Q9",55,"Bromus tectorum",21,
"Q9",55,"Lappula occidentalis",7,
"Q9",57,"Bromus tectorum",4,
"Q9",57,"Chenopodium inamoenum",5,
"Q9",57,"Cordylanthus ramosus",4,
"Q10",32,"Bromus tectorum",1,
"Q10",32,"Gayophytum diffusum",64,
"Q10",32,"Cordylanthus ramosus",20,
"Q10",32,"Artemisia tripartita",43,
"Q10",32,"Polygonum buxiforme",9,
"Q10",32,"Astragalus lentiginosus",1,
"Q10",32,"Crepis acuminata",13,
"Q10",32,"Pseudoroegneria spicata",29,
"Q10",32,"Lappula occidentalis",11,
"Q10",32,"Sphaerostigma andinum",19,
"Q10",32,"Poa cusickii",11,
"Q10",32,"Nassella viridula",41,
"Q10",32,"Chenopodium inamoenum",9,
"Q10",32,"Erigeron spp.",4,
"Q10",32,"Koeleria macrantha",5,
"Q10",32,"Gutierrezia sarothrae",7,
"Q10",32,"Phlox multiflora",4,
"Q10",32,"Linanthus pungens",3,
"Q10",32,"unknown annual",2,
"Q10",32,"Poa secunda",3,
"Q10",32,"Tetradymia canescens",1,
"Q10",33,"Gayophytum diffusum",158,
"Q10",33,"Polygonum buxiforme",11,
"Q10",33,"Sphaerostigma andinum",19,
"Q10",33,"Artemisia tripartita",14,
"Q10",33,"Gutierrezia sarothrae",1,
"Q10",33,"Erigeron engelmannii",2,
"Q10",33,"Linanthus pungens",3,
"Q10",35,"Camissonia andina",179,
"Q10",35,"Polygonum douglasii",93,
"Q10",35,"Leptosiphon liniflorus",231,
"Q10",35,"Cordylanthus ramosus",37,
"Q10",35,"Chenopodium inamoenum",36,
"Q10",35,"Lappula occidentalis",16,
"Q10",35,"unknown annual",61,
"Q10",35,"Gayophytum diffusum",7,
"Q10",36,"Sphaerostigma andinum",1085,"5 X 20% cruise"
"Q10",36,"Leptosiphon liniflorus",1175,"5 X 20% cruise"
"Q10",36,"Polygonum douglasii",155,"5 X 20% cruise"
"Q10",36,"Bromus tectorum",85,"5 X 20% cruise"
"Q10",36,"Cordylanthus ramosus",5,"5 X 20% cruise"
"Q10",36,"Collinsia parviflora",25,"5 X 20% cruise"
"Q10",37,"Polygonum douglasii",58,"2 X 50% cruise"
"Q10",37,"Leptosiphon liniflorus",32,"2 X 50% cruise"
"Q10",37,"Cryptantha spp.",4,"2 X 50% cruise"
"Q10",37,"Sphaerostigma andinum",18,"2 X 50% cruise"
"Q10",37,"Bromus tectorum",6,"2 X 50% cruise"
"Q10",37,"Lappula occidentalis",4,"2 X 50% cruise"
"Q10",37,"Collinsia parviflora",2,"2 X 50% cruise"
"Q10",38,"Chenopodium inamoenum",29,
"Q10",38,"Polygonum douglasii",126,
"Q10",38,"Cordylanthus ramosus",3,
"Q10",38,"Bromus tectorum",1,
"Q10",38,"Sphaerostigma andinum",23,
"Q10",39,"Polygonum douglasii",35,
"Q10",39,"Chenopodium inamoenum",26,
"Q10",39,"Cordylanthus ramosus",1,
"Q10",39,"Bromus tectorum",16,
"Q10",40,"Polygonum douglasii",21,
"Q10",40,"Leptosiphon liniflorus",5,
"Q10",41,"Bromus tectorum",23,
"Q10",41,"Sphaerostigma andinum",9,
"Q10",41,"Polygonum douglasii",539,
"Q10",41,"Lappula occidentalis",3,
"Q10",42,"Bromus tectorum",281,
"Q10",42,"Polygonum douglasii",18,
"Q10",42,"Leptosiphon liniflorus",14,
"Q10",42,"Camissonia andina",19,
"Q10",42,"Lappula occidentalis",3,
"Q10",45,"Polygonum douglasii",133,
"Q10",45,"Lappula occidentalis",2,
"Q10",45,"Bromus tectorum",438,
"Q10",45,"Lupinus caudatus",7,
"Q10",45,"Camissonia andina",3,
"Q10",46,"Polygonum douglasii",36,
"Q10",46,"Bromus tectorum",12,
"Q10",46,"Collinsia parviflora",3,
"Q10",47,"Bromus tectorum",2,
"Q10",47,"Collinsia parviflora",1,
"Q10",49,"Bromus tectorum",1,
"Q10",50,"Bromus tectorum",8,
"Q10",50,"unknown annual",4,
"Q10",51,"Bromus tectorum",4,
"Q10",51,"Salsola tragus",6,
"Q10",52,"Bromus tectorum",6,
"Q10",52,"unknown annual",5,
"Q10",52,"Polygonum douglasii",16,
"Q10",52,"Chenopodium inamoenum",1,
"Q10",52,"Salsola tragus",5,
"Q10",55,"unknown annual",282,
"Q10",55,"Bromus tectorum",8,
"Q10",56,"Bromus tectorum",4,
"Q10",57,"Gayophytum diffusum",13,
"Q10",57,"Chenopodium inamoenum",1,
"Q10",57,"Thlaspi arvense",1,
"Q11",32,"Lappula occidentalis",159,
"Q11",32,"Sphaerostigma andinum",127,
"Q11",32,"Achnatherum hymenoides",31,
"Q11",32,"Pseudoroegneria spicata",30,
"Q11",32,"Poa secunda",14,
"Q11",32,"Poa secunda",28,
"Q11",32,"Adenostegia ramosa",10,
"Q11",32,"Phlox stansburyi",4,
"Q11",32,"Tetradymia canescens",7,
"Q11",32,"Crepis acuminata",1,
"Q11",32,"Nassella viridula",28,
"Q11",32,"Eriogonum microthecum",2,
"Q11",32,"Erigeron spp.",3,
"Q11",32,"Poa cusickii",6,
"Q11",32,"Descurainia pinnata",1,
"Q11",32,"unknown annual",1,
"Q11",32,"Lomatium sp.",1,
"Q11",32,"Lepidium densiflorum",1,
"Q11",33,"Pseudoroegneria spicata",13,
"Q11",33,"Eriogonum microthecum",17,
"Q11",33,"Achnatherum nelsonii",1,
"Q11",33,"Artemisia tripartita",1,
"Q11",33,"Erigeron engelmannii",2,
"Q11",35,"Sphaerostigma andinum",76,
"Q11",35,"Lappula occidentalis",20,
"Q11",35,"Cordylanthus ramosus",3,
"Q11",35,"Lepidium spp.",4,
"Q11",35,"Leptosiphon liniflorus",2,
"Q11",35,"Chenopodium inamoenum",6,
"Q11",36,"Lappula occidentalis",76,"2 X 50% cruise"
"Q11",36,"Cryptantha spp.",2,"2 X 50% cruise"
"Q11",36,"Lepidium spp.",12,"2 X 50% cruise"
"Q11",36,"Sphaerostigma andinum",74,"2 X 50% cruise"
"Q11",37,"Lappula occidentalis",1,
"Q11",37,"Sphaerostigma andinum",1,
"Q11",38,"Sphaerostigma andinum",130,
"Q11",38,"Chenopodium inamoenum",4,
"Q11",38,"Lappula occidentalis",1,
"Q11",39,"Chenopodium inamoenum",28,
"Q11",40,"Lappula occidentalis",1,
"Q11",40,"Cryptantha spp.",9,
"Q11",40,"Sphaerostigma andinum",64,
"Q11",40,"Cordylanthus ramosus",5,
"Q11",40,"Chenopodium inamoenum",1,
"Q11",41,"Sphaerostigma andinum",79,
"Q11",41,"Cryptantha spp.",3,
"Q11",41,"Linanthus pungens",3,
"Q11",42,"Lepidium densiflorum",2,
"Q11",42,"Camissonia andina",49,
"Q11",42,"Cryptantha spp.",6,
"Q11",42,"Bromus tectorum",8,
"Q11",42,"Leptosiphon liniflorus",2,
"Q11",45,"Bromus tectorum",57,
"Q11",45,"Camissonia andina",133,
"Q11",45,"Lepidium densiflorum",12,
"Q11",45,"Cryptantha spp.",3,
"Q11",45,"Lactuca spp.",1,
"Q11",46,"Bromus tectorum",13,
"Q11",46,"Collinsia parviflora",6,
"Q11",47,"Bromus tectorum",27,
"Q11",47,"Collinsia parviflora",1,
"Q11",47,"Lepidium spp.",8,
"Q11",49,"Orobanche ludoviciana",1,
"Q11",50,"Bromus tectorum",3,
"Q11",50,"unknown annual",1,
"Q11",50,"Tragopogon spp.",1,
"Q11",52,"Tragopogon spp.",2,
"Q11",52,"unknown annual",168,
"Q11",52,"Lepidium spp.",2,
"Q11",52,"Orobanche sp.",1,
"Q11",56,"Bromus tectorum",1,
"Q11",57,"Crucifer",5,
"Q11",57,"Bromus tectorum",1,
"Q11",57,"Chenopodium inamoenum",4,
"Q11",73,"Bromus tectorum",1,
"Q11",73,"Lepidium densiflorum",1,
"Q11",73,"Cordylanthus ramosus",4,
"Q12",32,"Pseudoroegneria spicata",187,
"Q12",32,"Astragalus lentiginosus",14,
"Q12",32,"Artemisia tripartita",21,
"Q12",32,"Phlox multiflora",5,
"Q12",32,"Adenostegia ramosa",6,
"Q12",32,"Lappula occidentalis",2,
"Q12",32,"Tetradymia canescens",12,
"Q12",32,"Aster spp.",5,
"Q12",32,"Camissonia andina",1,
"Q12",32,"Crepis acuminata",1,
"Q12",33,"Artemisia tripartita",8,
"Q12",33,"Astragalus lentiginosus",3,
"Q12",33,"Tetradymia canescens",3,
"Q12",33,"Pseudoroegneria spicata",9,
"Q12",35,"Lappula occidentalis",8,
"Q12",35,"Cordylanthus ramosus",23,
"Q12",35,"Sphaerostigma andinum",11,
"Q12",36,"Cordylanthus ramosus",2,
"Q12",36,"Lappula occidentalis",7,
"Q12",37,"Lappula occidentalis",7,
"Q12",37,"Cordylanthus ramosus",1,
"Q12",38,"Cordylanthus ramosus",22,
"Q12",38,"Sphaerostigma andinum",18,
"Q12",38,"Lappula occidentalis",14,
"Q12",38,"Chenopodium inamoenum",1,
"Q12",39,"Cordylanthus ramosus",3,
"Q12",39,"Chenopodium inamoenum",9,
"Q12",39,"Lappula occidentalis",1,
"Q12",40,"Lappula occidentalis",9,
"Q12",40,"Sphaerostigma andinum",3,
"Q12",41,"Lappula occidentalis",34,
"Q12",41,"Cordylanthus ramosus",1,
"Q12",42,"Camissonia andina",3,
"Q12",42,"Cryptantha spp.",1,
"Q12",42,"Lappula occidentalis",10,
"Q12",42,"Chenopodium inamoenum",1,
"Q12",45,"Lappula occidentalis",26,
"Q12",45,"Bromus tectorum",1,
"Q12",45,"Camissonia andina",2,
"Q12",45,"Lactuca spp.",1,
"Q12",46,"Cordylanthus ramosus",2,
"Q12",46,"Bromus tectorum",1,
"Q12",46,"Orobanche ludoviciana",1,
"Q12",47,"Lappula occidentalis",7,
"Q12",47,"Cordylanthus ramosus",1,
"Q12",47,"Bromus tectorum",3,
"Q12",47,"Collinsia parviflora",1,
"Q12",52,"Lappula occidentalis",4,
"Q12",52,"Cordylanthus ramosus",7,
"Q12",55,"unknown annual",9,
"Q12",57,"Crucifer",1,
"Q13",31,"Lepidium densiflorum",1,
"Q13",32,"Pseudoroegneria spicata",257,
"Q13",32,"Crepis acuminata",6,
"Q13",32,"Adenostegia ramosa",7,
"Q13",32,"Lappula occidentalis",4,
"Q13",32,"Artemisia tripartita",9,
"Q13",32,"Lepidium densiflorum",2,
"Q13",32,"Camissonia andina",2,
"Q13",33,"Pseudoroegneria spicata",12,
"Q13",33,"Phlox multiflora",2,
"Q13",33,"Artemisia tripartita",1,
"Q13",33,"Lappula occidentalis",1,
"Q13",35,"Chenopodium inamoenum",4,
"Q13",35,"Lappula occidentalis",14,
"Q13",35,"Sphaerostigma andinum",7,
"Q13",35,"Cordylanthus ramosus",10,
"Q13",35,"Lepidium spp.",5,
"Q13",36,"Lappula occidentalis",17,
"Q13",36,"Chenopodium inamoenum",3,
"Q13",36,"Cordylanthus ramosus",3,
"Q13",37,"Chenopodium inamoenum",1,
"Q13",38,"Cordylanthus ramosus",5,
"Q13",38,"Chenopodium inamoenum",12,
"Q13",38,"Lappula occidentalis",1,
"Q13",39,"Cordylanthus ramosus",4,
"Q13",40,"Cordylanthus ramosus",18,
"Q13",40,"Chenopodium inamoenum",5,
"Q13",40,"Lappula occidentalis",2,
"Q13",41,"Lappula occidentalis",22,
"Q13",41,"Cordylanthus ramosus",3,
"Q13",41,"Bromus tectorum",1,
"Q13",41,"unknown annual",1,
"Q13",41,"Sphaerostigma andinum",1,
"Q13",41,"Chenopodium inamoenum",1,
"Q13",42,"Lappula occidentalis",11,
"Q13",42,"Camissonia andina",14,
"Q13",42,"Cryptantha spp.",1,
"Q13",42,"Bromus tectorum",5,
"Q13",42,"Gayophytum diffusum",3,
"Q13",42,"Chenopodium inamoenum",1,
"Q13",45,"Camissonia andina",7,
"Q13",45,"Lappula occidentalis",23,
"Q13",45,"Bromus tectorum",20,
"Q13",45,"Collinsia parviflora",4,
"Q13",45,"unknown annual",1,
"Q13",46,"Collinsia parviflora",1,
"Q13",46,"Polygonum douglasii",4,
"Q13",46,"Bromus tectorum",4,
"Q13",46,"Cordylanthus ramosus",1,
"Q13",47,"Bromus tectorum",20,
"Q13",47,"Collinsia parviflora",3,
"Q13",47,"Lappula occidentalis",2,
"Q13",47,"Chenopodium spp.",4,
"Q13",47,"Lepidium spp.",4,
"Q13",50,"Lappula occidentalis",1,
"Q13",50,"Bromus tectorum",3,
"Q13",50,"Polygonum douglasii",2,
"Q13",52,"Lappula occidentalis",3,
"Q13",52,"Bromus tectorum",3,
"Q13",52,"unknown annual",1,
"Q13",52,"Chenopodium inamoenum",22,
"Q13",56,"Lappula occidentalis",32,
"Q13",56,"Bromus tectorum",11,
"Q13",56,"Cordylanthus ramosus",1,
"Q13",56,"Crucifer",6,
"Q13",57,"Cordylanthus ramosus",2,
"Q13",57,"Chenopodium inamoenum",67,
"Q13",57,"Bromus tectorum",29,
"Q13",57,"unknown annual",10,
"Q13",57,"Salsola tragus",1,
"Q13",73,"Cordylanthus ramosus",16,
"Q14",32,"Artemisia tripartita",37,
"Q14",32,"Linanthus pungens",68,
"Q14",32,"Camissonia andina",126,
"Q14",32,"Crepis acuminata",5,
"Q14",32,"Pseudoroegneria spicata",202,
"Q14",32,"Cordylanthus ramosus",6,
"Q14",32,"Lappula occidentalis",15,
"Q14",32,"Gayophytum diffusum",8,
"Q14",32,"Achillea millefolium",6,
"Q14",32,"Poa cusickii",11,
"Q14",32,"Poa secunda",4,
"Q14",32,"Chenopodium inamoenum",1,
"Q14",33,"Artemisia tripartita",15,
"Q14",33,"Pseudoroegneria spicata",43,
"Q14",33,"Erigeron engelmannii",4,
"Q14",35,"Cordylanthus ramosus",5,
"Q14",35,"Sphaerostigma andinum",122,
"Q14",35,"Leptosiphon liniflorus",9,
"Q14",35,"Chenopodium inamoenum",14,
"Q14",35,"Lappula occidentalis",14,
"Q14",35,"Polygonum douglasii",2,
"Q14",35,"Lepidium spp.",3,
"Q14",35,"Cryptantha spp.",1,
"Q14",36,"Lappula occidentalis",10,
"Q14",36,"Sphaerostigma andinum",15,
"Q14",36,"Leptosiphon liniflorus",3,
"Q14",36,"Cordylanthus ramosus",3,
"Q14",36,"Lepidium spp.",1,
"Q14",38,"Chenopodium inamoenum",6,
"Q14",38,"Gayophytum diffusum",3,
"Q14",38,"Polygonum douglasii",82,
"Q14",38,"Cordylanthus ramosus",7,
"Q14",38,"unknown annual",1,
"Q14",39,"Cordylanthus ramosus",1,
"Q14",39,"Chenopodium inamoenum",1,
"Q14",40,"Cordylanthus ramosus",1,
"Q14",40,"Sphaerostigma andinum",17,
"Q14",41,"Sphaerostigma andinum",42,
"Q14",41,"Lappula occidentalis",9,
"Q14",41,"Cordylanthus ramosus",1,
"Q14",42,"Camissonia andina",99,
"Q14",42,"Lepidium densiflorum",3,
"Q14",42,"Lappula occidentalis",7,
"Q14",42,"Chenopodium inamoenum",2,
"Q14",42,"Leptosiphon liniflorus",1,
"Q14",45,"Camissonia andina",133,
"Q14",45,"Lepidium densiflorum",2,
"Q14",45,"Cordylanthus ramosus",1,
"Q14",45,"Lappula occidentalis",6,
"Q14",45,"Leptosiphon liniflorus",1,
"Q14",46,"Camissonia andina",11,
"Q14",46,"Cordylanthus ramosus",6,
"Q14",46,"Collinsia parviflora",4,
"Q14",47,"Cordylanthus ramosus",3,
"Q14",47,"Lappula occidentalis",3,
"Q14",47,"Collinsia parviflora",7,
"Q14",47,"Bromus tectorum",3,
"Q14",50,"Lappula occidentalis",1,
"Q14",50,"unknown annual",1,
"Q14",52,"unknown annual",80,
"Q14",52,"Cordylanthus ramosus",2,
"Q14",52,"Lappula occidentalis",1,
"Q14",57,"Crucifer",1,
"Q15",32,"Camissonia andina",34,
"Q15",32,"Lomatium sp.",3,
"Q15",32,"Artemisia tripartita",7,
"Q15",32,"Cordylanthus ramosus",24,
"Q15",32,"Poa secunda",1,
"Q15",32,"Pseudoroegneria spicata",16,
"Q15",32,"Lappula occidentalis",3,
"Q15",32,"Viola praemorsa",1,
"Q15",32,"Gayophytum diffusum",17,
"Q15",32,"Bromus tectorum",1,
"Q15",32,"Tetradymia canescens",1,
"Q15",35,"Cordylanthus ramosus",33,
"Q15",35,"Sphaerostigma andinum",65,
"Q15",35,"Leptosiphon liniflorus",12,
"Q15",35,"Lappula occidentalis",2,
"Q15",35,"Chenopodium inamoenum",1,
"Q15",52,"Cordylanthus ramosus",64,
"Q15",52,"unknown annual",10,
"Q15",52,"Bromus tectorum",12,
"Q15",56,"Cordylanthus ramosus",1,
"Q15",57,"Cordylanthus ramosus",2,
"Q16",32,"Lappula occidentalis",50,
"Q16",32,"Eriogonum microthecum",1,
"Q16",32,"unknown annual",1,
"Q16",32,"Chenopodium inamoenum",1,
"Q16",32,"Artemisia tripartita",10,
"Q16",32,"Pseudoroegneria spicata",19,
"Q16",32,"Linanthus pungens",1,
"Q16",32,"Cordylanthus ramosus",3,
"Q16",32,"Gutierrezia sarothrae",1,
"Q16",32,"Chrysothamnus viscidiflorus",1,
"Q16",35,"Cordylanthus ramosus",10,
"Q16",35,"Lappula occidentalis",49,
"Q16",35,"Chenopodium inamoenum",8,
"Q16",52,"Cordylanthus ramosus",43,
"Q16",52,"Lappula occidentalis",1,
"Q16",52,"Chenopodium inamoenum",3,
"Q16",52,"Bromus tectorum",1,
"Q16",56,"Cordylanthus ramosus",6,
"Q16",56,"Bromus tectorum",2,
"Q16",57,"Cordylanthus ramosus",25,
"Q16",57,"Bromus tectorum",3,
"Q16",57,"Chenopodium inamoenum",6,
"Q16",73,"Tragopogon dubius",1,
"Q16",73,"Cordylanthus ramosus",12,
"Q17",32,"Lappula occidentalis",4,
"Q17",32,"Pseudoroegneria spicata",5,
"Q17",32,"Eriogonum microthecum",3,
"Q17",32,"Poa cusickii",1,
"Q17",32,"Gutierrezia sarothrae",1,
"Q17",32,"Sphaerostigma andinum",2,
"Q17",32,"Chrysothamnus viscidiflorus",1,
"Q17",32,"Phlox multiflora",1,
"Q17",32,"Artemisia tripartita",3,
"Q17",32,"Cordylanthus ramosus",2,
"Q17",35,"Sphaerostigma andinum",37,
"Q17",35,"Lappula occidentalis",20,
"Q17",35,"Cordylanthus ramosus",21,
"Q17",35,"Cryptantha spp.",19,
"Q17",35,"Bromus tectorum",1,
"Q17",52,"unknown annual",58,
"Q17",52,"Cordylanthus ramosus",21,
"Q17",52,"Chenopodium inamoenum",2,
"Q17",52,"Lappula occidentalis",12,
"Q17",56,"Cordylanthus ramosus",1,
"Q17",57,"Cordylanthus ramosus",3,
"Q17",57,"Chenopodium inamoenum",2,
"Q17",73,"Tragopogon dubius",3,
"Q17",73,"Cordylanthus ramosus",4,
"Q18",32,"Lappula occidentalis",77,
"Q18",32,"Linanthus pungens",76,
"Q18",32,"Cordylanthus ramosus",76,
"Q18",32,"Camissonia andina",21,
"Q18",32,"Artemisia tripartita",6,
"Q18",32,"Gayophytum diffusum",7,
"Q18",32,"Pseudoroegneria spicata",5,
"Q18",32,"Phlox stansburyi",2,
"Q18",32,"Lepidium densiflorum",1,
"Q18",32,"Bromus tectorum",1,
"Q18",32,"Chrysothamnus viscidiflorus",1,
"Q18",32,"unknown annual",10,
"Q18",34,"Bromus tectorum",1,
"Q18",35,"Sphaerostigma andinum",13,
"Q18",35,"Lappula occidentalis",128,
"Q18",35,"Gayophytum diffusum",1,
"Q18",35,"Polygonum douglasii",7,
"Q18",35,"Cordylanthus ramosus",9,
"Q18",35,"Bromus tectorum",1,
"Q18",35,"Leptosiphon liniflorus",5,
"Q18",35,"Chenopodium inamoenum",1,
"Q18",52,"Cordylanthus ramosus",26,
"Q18",52,"Polygonum douglasii",4,
"Q18",52,"unknown annual",7,
"Q18",52,"Chenopodium inamoenum",8,
"Q18",57,"Chenopodium inamoenum",70,
"Q18",57,"Cordylanthus ramosus",5,
"Q18",57,"Polygonum spp.",10,
"Q18",73,"Cordylanthus ramosus",9,
"Q19",32,"Lappula occidentalis",74,
"Q19",32,"Lepidium densiflorum",10,
"Q19",32,"Pseudoroegneria spicata",110,
"Q19",32,"Poa cusickii",6,
"Q19",32,"Artemisia tripartita",17,
"Q19",32,"Chenopodium inamoenum",3,
"Q19",32,"Adenostegia ramosa",7,
"Q19",32,"unknown annual",3,
"Q19",33,"Artemisia tripartita",7,
"Q19",33,"Lappula occidentalis",21,
"Q19",33,"Pseudoroegneria spicata",7,
"Q19",33,"Eriogonum microthecum",2,
"Q19",33,"Phlox stansburyi",2,
"Q19",35,"Lappula occidentalis",83,
"Q19",35,"Lepidium spp.",18,
"Q19",35,"Chenopodium inamoenum",16,
"Q19",35,"Cordylanthus ramosus",9,
"Q19",35,"Leptosiphon liniflorus",1,
"Q19",35,"Polygonum douglasii",1,
"Q19",36,"Lappula occidentalis",780,"2 X 50% cruise"
"Q19",36,"Leptosiphon liniflorus",8,"2 X 50% cruise"
"Q19",36,"Chenopodium album",64,"2 X 50% cruise"
"Q19",36,"Sphaerostigma andinum",16,"2 X 50% cruise"
"Q19",36,"Cordylanthus ramosus",56,"2 X 50% cruise"
"Q19",36,"unknown annual",48,"2 X 50% cruise"
"Q19",37,"Lappula occidentalis",75,
"Q19",37,"Gayophytum diffusum",1,
"Q19",37,"Cordylanthus ramosus",9,
"Q19",38,"Chenopodium inamoenum",13,
"Q19",38,"Lappula occidentalis",1,
"Q19",40,"Lappula occidentalis",3,
"Q19",40,"Chenopodium inamoenum",6,
"Q19",41,"Cordylanthus ramosus",4,
"Q19",41,"Lappula occidentalis",6,
"Q19",41,"Lepidium densiflorum",7,
"Q19",42,"Bromus tectorum",11,
"Q19",45,"Lappula occidentalis",4,
"Q19",45,"Cordylanthus ramosus",12,
"Q19",45,"Polygonum douglasii",1,
"Q19",45,"Camissonia andina",1,
"Q19",46,"Cordylanthus ramosus",13,
"Q19",46,"Collinsia parviflora",1,
"Q19",47,"Chenopodium spp.",1,
"Q19",50,"Cordylanthus ramosus",1,
"Q19",51,"Lappula occidentalis",1,
"Q19",52,"Cordylanthus ramosus",7,
"Q19",52,"Polygonum douglasii",1,
"Q19",55,"Cordylanthus ramosus",3,
"Q19",55,"unknown annual",4,
"Q20",32,"Lappula occidentalis",11,
"Q20",32,"Crepis acuminata",2,
"Q20",32,"Pseudoroegneria spicata",29,
"Q20",32,"Phlox stansburyi",7,
"Q20",32,"Artemisia tripartita",18,
"Q20",32,"Chenopodium inamoenum",8,
"Q20",32,"Phlox multiflora",2,
"Q20",32,"Poa secunda",1,
"Q20",32,"Achnatherum hymenoides",10,
"Q20",33,"Pseudoroegneria spicata",22,
"Q20",33,"Artemisia tripartita",1,
"Q20",35,"Chenopodium inamoenum",36,
"Q20",35,"Lappula occidentalis",16,
"Q20",35,"Cordylanthus ramosus",1,
"Q20",35,"Descurainia pinnata",1,
"Q20",36,"Collinsia parviflora",1,
"Q20",36,"Lappula occidentalis",14,
"Q20",36,"unknown annual",46,
"Q20",36,"Chenopodium inamoenum",8,
"Q20",37,"Lappula occidentalis",6,
"Q20",37,"Chenopodium inamoenum",6,
"Q20",38,"Polygonum douglasii",1,
"Q20",38,"Lappula occidentalis",4,
"Q20",38,"Sphaerostigma andinum",1,
"Q20",38,"Chenopodium inamoenum",8,
"Q20",40,"Gayophytum diffusum",1,
"Q20",40,"Chenopodium inamoenum",4,
"Q20",41,"Lappula occidentalis",7,
"Q20",41,"Lepidium densiflorum",1,
"Q20",45,"Polygonum douglasii",3,
"Q20",46,"Chenopodium spp.",1,
"Q20",47,"Polygonum douglasii",1,
"Q20",47,"Collinsia parviflora",2,
"Q20",51,"Lappula occidentalis",4,
"Q20",52,"Chenopodium inamoenum",3,
"Q20",55,"unknown annual",22,
"Q21",32,"Pseudoroegneria spicata",95,
"Q21",32,"Lappula occidentalis",4,
"Q21",32,"Poa cusickii",8,
"Q21",32,"Artemisia tripartita",6,
"Q21",32,"Chenopodium inamoenum",3,
"Q21",33,"Artemisia tripartita",1,
"Q21",33,"Pseudoroegneria spicata",1,
"Q21",35,"Lappula occidentalis",3,
"Q21",35,"Chenopodium inamoenum",51,
"Q21",35,"Descurainia pinnata",1,
"Q21",35,"Cordylanthus ramosus",6,
"Q21",36,"Lappula occidentalis",14,
"Q21",36,"Chenopodium inamoenum",24,
"Q21",36,"Cordylanthus ramosus",31,
"Q21",36,"Gayophytum diffusum",5,
"Q21",36,"Bromus tectorum",1,
"Q21",37,"Chenopodium inamoenum",6,
"Q21",37,"Lappula occidentalis",5,
"Q21",38,"Lappula occidentalis",2,
"Q21",38,"Chenopodium inamoenum",8,
"Q21",38,"Cordylanthus ramosus",5,
"Q21",38,"Polygonum douglasii",3,
"Q21",40,"Cordylanthus ramosus",1,
"Q21",40,"Lappula occidentalis",1,
"Q21",40,"Chenopodium inamoenum",1,
"Q21",41,"Lepidium densiflorum",1,
"Q21",41,"Chenopodium inamoenum",1,
"Q21",41,"Cordylanthus ramosus",4,
"Q21",41,"Lappula occidentalis",2,
"Q21",41,"Descurainia pinnata",1,
"Q21",45,"Polygonum douglasii",1,
"Q21",47,"Chenopodium spp.",1,
"Q21",50,"Polygonum douglasii",1,
"Q21",51,"Lappula occidentalis",2,
"Q21",52,"Chenopodium inamoenum",2,
"Q21",52,"Bromus tectorum",1,
"Q21",54,"Chenopodium inamoenum",1,
"Q21",55,"unknown annual",11,
"Q21",73,"Tragopogon dubius",2,
"Q22",32,"Pseudoroegneria spicata",146,
"Q22",32,"Artemisia tripartita",51,
"Q22",32,"Linanthus pungens",46,
"Q22",32,"Lappula occidentalis",5,
"Q22",32,"Lepidium densiflorum",1,
"Q22",32,"Poa cusickii",7,
"Q22",33,"Artemisia tridentata",5,
"Q22",33,"Linanthus pungens",8,
"Q22",33,"Tetradymia canescens",1,
"Q22",33,"Artemisia tripartita",3,
"Q22",33,"Achnatherum nelsonii",1,
"Q22",33,"Pseudoroegneria spicata",3,
"Q22",35,"Chenopodium inamoenum",5,
"Q22",35,"Descurainia pinnata",2,
"Q22",35,"Lepidium spp.",1,
"Q22",35,"Bromus tectorum",1,
"Q22",35,"Lappula occidentalis",10,
"Q22",35,"Cordylanthus ramosus",1,
"Q22",36,"Lappula occidentalis",41,
"Q22",36,"Navarretia breweri",30,
"Q22",36,"Chenopodium inamoenum",3,
"Q22",36,"Cordylanthus ramosus",4,
"Q22",36,"Bromus tectorum",3,
"Q22",36,"Lepidium densiflorum",2,
"Q22",40,"Bromus tectorum",1,
"Q22",40,"Lappula occidentalis",1,
"Q22",40,"Chenopodium inamoenum",1,
"Q22",40,"Polygonum douglasii",2,
"Q22",41,"Chenopodium inamoenum",2,
"Q22",41,"Descurainia pinnata",1,
"Q22",42,"Lappula occidentalis",1,
"Q22",45,"Hackelia patens",3,
"Q22",46,"Bromus tectorum",1,
"Q22",47,"Lappula occidentalis",1,
"Q22",50,"unknown annual",1,
"Q22",50,"Polygonum douglasii",1,
"Q22",55,"unknown annual",8,
"Q22",73,"Orobanche sp.",1,
"Q22",73,"Tragopogon dubius",3,
"Q23",32,"Sphaerostigma andinum",91,
"Q23",32,"Lappula occidentalis",119,
"Q23",32,"Pseudoroegneria spicata",169,
"Q23",32,"Adenostegia ramosa",4,
"Q23",32,"Chenopodium inamoenum",4,
"Q23",32,"Gayophytum diffusum",8,
"Q23",32,"Astragalus lentiginosus",1,
"Q23",33,"Gayophytum diffusum",4,
"Q23",33,"Lappula occidentalis",4,
"Q23",33,"Gutierrezia sarothrae",2,
"Q23",33,"Sphaerostigma andinum",3,
"Q23",33,"Pseudoroegneria spicata",3,
"Q23",33,"Chenopodium album",1,
"Q23",33,"Artemisia tripartita",1,
"Q23",35,"Lappula occidentalis",108,
"Q23",35,"Cryptantha spp.",10,
"Q23",35,"Sphaerostigma andinum",91,
"Q23",35,"Cordylanthus ramosus",7,
"Q23",35,"Polygonum douglasii",30,
"Q23",35,"Collinsia parviflora",1,
"Q23",35,"Gayophytum diffusum",3,
"Q23",35,"Leptosiphon liniflorus",19,
"Q23",35,"Chenopodium inamoenum",4,
"Q23",35,"Lepidium spp.",1,
"Q23",36,"Leptosiphon liniflorus",26,"2 X 50% cruise"
"Q23",36,"Cryptantha spp.",20,"2 X 50% cruise"
"Q23",36,"Polygonum douglasii",8,"2 X 50% cruise"
"Q23",36,"Sphaerostigma andinum",106,"2 X 50% cruise"
"Q23",36,"Lappula occidentalis",64,"2 X 50% cruise"
"Q23",36,"Cordylanthus ramosus",4,"2 X 50% cruise"
"Q23",37,"Sphaerostigma andinum",40,"2 X 50% cruise"
"Q23",37,"Lappula occidentalis",58,"2 X 50% cruise"
"Q23",37,"Polygonum douglasii",18,"2 X 50% cruise"
"Q23",37,"Leptosiphon liniflorus",8,"2 X 50% cruise"
"Q23",37,"Cryptantha spp.",4,"2 X 50% cruise"
"Q23",38,"Polygonum douglasii",26,
"Q23",38,"Lappula occidentalis",7,
"Q23",38,"Sphaerostigma andinum",30,
"Q23",39,"Polygonum douglasii",1,
"Q23",40,"Polygonum douglasii",29,
"Q23",40,"Lappula occidentalis",4,
"Q23",41,"Lappula occidentalis",4,
"Q23",41,"Polygonum douglasii",55,
"Q23",41,"Leptosiphon liniflorus",3,
"Q23",41,"Sphaerostigma andinum",15,
"Q23",41,"Cryptantha spp.",4,
"Q23",42,"Polygonum douglasii",21,
"Q23",42,"Camissonia andina",11,
"Q23",42,"Lappula occidentalis",7,
"Q23",42,"Bromus tectorum",4,
"Q23",42,"Cordylanthus ramosus",1,
"Q23",45,"Polygonum douglasii",13,
"Q23",45,"Camissonia andina",23,
"Q23",45,"Lappula occidentalis",1,
"Q23",45,"unknown annual",1,
"Q23",45,"Bromus tectorum",2,
"Q23",46,"Cordylanthus ramosus",2,
"Q23",46,"Collinsia parviflora",2,
"Q23",47,"Polygonum douglasii",3,
"Q23",47,"Bromus tectorum",1,
"Q23",51,"Bromus tectorum",1,
"Q23",52,"unknown annual",45,
"Q23",52,"Polygonum douglasii",6,
"Q23",52,"Lappula occidentalis",1,
"Q23",54,"unknown annual",560,
"Q24",32,"Pseudoroegneria spicata",161,
"Q24",32,"Linanthus pungens",47,
"Q24",32,"Artemisia tripartita",6,
"Q24",32,"Astragalus lentiginosus",4,
"Q24",32,"Chenopodium inamoenum",5,
"Q24",32,"Lomatium sp.",8,
"Q24",33,"Pseudoroegneria spicata",20,
"Q24",33,"Erigeron engelmannii",1,
"Q24",33,"Lomatium sp.",3,
"Q24",35,"Chenopodium inamoenum",2,
"Q24",36,"Lappula occidentalis",1,
"Q24",36,"Cordylanthus ramosus",2,
"Q24",45,"Polygonum douglasii",1,
"Q24",45,"Cordylanthus ramosus",1,
"Q24",45,"Bromus tectorum",1,
"Q24",46,"Cordylanthus ramosus",3,
"Q24",52,"Cordylanthus ramosus",3,
"Q24",54,"Tragopogon spp.",1,
"Q24",55,"Comandra umbellata",1,
"Q24",55,"unknown annual",11,
"Q24",55,"Cordylanthus ramosus",3,
"Q24",57,"Cordylanthus ramosus",1,
"Q24",73,"Cordylanthus ramosus",71,
"Q25",32,"Lappula occidentalis",16,
"Q25",32,"Chenopodium inamoenum",5,
"Q25",32,"Polygonum buxiforme",6,
"Q25",32,"Lupinus caudatus",5,
"Q25",32,"Pseudoroegneria spicata",21,
"Q25",32,"Viola praemorsa",2,
"Q25",32,"Poa secunda",2,
"Q25",32,"Lepidium densiflorum",1,
"Q25",32,"Cordylanthus ramosus",1,
"Q25",32,"Phlox stansburyi",1,
"Q25",32,"Artemisia tripartita",1,
"Q25",33,"Polygonum buxiforme",1,
"Q25",33,"Chenopodium album",2,
"Q25",33,"Pseudoroegneria spicata",6,
"Q25",33,"Gayophytum diffusum",1,
"Q25",33,"Lappula occidentalis",2,
"Q25",35,"Lappula occidentalis",14,
"Q25",35,"Chenopodium inamoenum",9,
"Q25",35,"Polygonum douglasii",23,
"Q25",35,"Cordylanthus ramosus",1,
"Q25",35,"Gayophytum diffusum",1,
"Q25",36,"Polygonum douglasii",28,"2 X 50% cruise"
"Q25",36,"Gayophytum diffusum",4,"2 X 50% cruise"
"Q25",36,"Chenopodium inamoenum",4,"2 X 50% cruise"
"Q25",36,"Lappula occidentalis",6,"2 X 50% cruise"
"Q25",37,"Polygonum douglasii",2,
"Q25",37,"Lappula occidentalis",2,
"Q25",38,"Polygonum douglasii",17,
"Q25",38,"Chenopodium inamoenum",1,
"Q25",38,"Lepidium densiflorum",2,
"Q25",38,"Gayophytum diffusum",1,
"Q25",38,"Lappula occidentalis",1,
"Q25",39,"Polygonum douglasii",17,
"Q25",40,"Polygonum douglasii",19,
"Q25",41,"Polygonum douglasii",57,
"Q25",41,"Lappula occidentalis",13,
"Q25",41,"Gayophytum diffusum",1,
"Q25",42,"Polygonum douglasii",51,
"Q25",42,"Lappula occidentalis",9,
"Q25",42,"Camissonia andina",3,
"Q25",45,"Polygonum douglasii",82,
"Q25",45,"Camissonia andina",6,
"Q25",46,"Polygonum douglasii",20,
"Q25",47,"Polygonum douglasii",17,
"Q25",49,"Polygonum douglasii",1,
"Q25",50,"Polygonum douglasii",6,
"Q25",50,"Lappula occidentalis",1,
"Q25",51,"unknown annual",2,
"Q25",51,"Lappula occidentalis",2,
"Q25",52,"Polygonum douglasii",12,
"Q25",52,"Lappula occidentalis",1,
"Q25",55,"unknown annual",9,
"Q25",55,"Bromus tectorum",1,
"Q25",56,"Polygonum douglasii",1,
"Q26",32,"Pseudoroegneria spicata",45,
"Q26",32,"Gayophytum diffusum",34,
"Q26",32,"Artemisia tripartita",12,
"Q26",32,"Polygonum buxiforme",1,
"Q26",32,"Lappula occidentalis",3,
"Q26",32,"Chenopodium inamoenum",2,
"Q26",32,"Linanthus pungens",3,
"Q26",33,"Pseudoroegneria spicata",2,
"Q26",35,"Polygonum douglasii",29,
"Q26",35,"Gayophytum diffusum",29,
"Q26",35,"Sphaerostigma andinum",1,
"Q26",35,"Lappula occidentalis",15,
"Q26",35,"Chenopodium inamoenum",6,
"Q26",35,"Collinsia parviflora",1,
"Q26",35,"Cordylanthus ramosus",2,
"Q26",36,"Polygonum douglasii",16,"2 X 50% cruise"
"Q26",36,"Lappula occidentalis",26,"2 X 50% cruise"
"Q26",36,"Gayophytum diffusum",174,"2 X 50% cruise"
"Q26",36,"Sphaerostigma andinum",2,"2 X 50% cruise"
"Q26",36,"Chenopodium inamoenum",8,"2 X 50% cruise"
"Q26",37,"Lappula occidentalis",8,"2 X 50% cruise"
"Q26",37,"Polygonum douglasii",10,"2 X 50% cruise"
"Q26",37,"Gayophytum diffusum",2,"2 X 50% cruise"
"Q26",38,"Polygonum douglasii",33,
"Q26",38,"Gayophytum diffusum",82,
"Q26",38,"Chenopodium inamoenum",2,
"Q26",38,"Lappula occidentalis",2,
"Q26",38,"Lepidium densiflorum",1,
"Q26",38,"Sphaerostigma andinum",2,
"Q26",39,"Polygonum douglasii",35,
"Q26",40,"Polygonum douglasii",19,
"Q26",40,"Cordylanthus ramosus",2,
"Q26",41,"Polygonum douglasii",57,
"Q26",41,"Gayophytum diffusum",8,
"Q26",41,"Lappula occidentalis",2,
"Q26",41,"Cordylanthus ramosus",2,
"Q26",41,"Lepidium densiflorum",1,
"Q26",41,"Leptosiphon liniflorus",5,
"Q26",42,"Cordylanthus ramosus",8,
"Q26",42,"Polygonum douglasii",30,
"Q26",42,"Lappula occidentalis",2,
"Q26",42,"Camissonia andina",1,
"Q26",42,"Lepidium densiflorum",1,
"Q26",45,"Polygonum douglasii",50,
"Q26",45,"Bromus tectorum",1,
"Q26",45,"Lappula occidentalis",3,
"Q26",45,"Gayophytum diffusum",3,
"Q26",45,"Cordylanthus ramosus",1,
"Q26",46,"Collinsia parviflora",17,
"Q26",46,"Cordylanthus ramosus",7,
"Q26",47,"Lappula occidentalis",1,
"Q26",47,"Polygonum douglasii",14,
"Q26",47,"Bromus tectorum",1,
"Q26",47,"Cordylanthus ramosus",1,
"Q26",50,"Bromus tectorum",1,
"Q26",50,"unknown annual",1,
"Q26",50,"Polygonum douglasii",2,
"Q26",50,"Cordylanthus ramosus",2,
"Q26",51,"Lappula occidentalis",1,
"Q26",52,"Polygonum douglasii",19,
"Q26",52,"unknown annual",2,
"Q26",52,"Cordylanthus ramosus",12,
"Q26",55,"unknown annual",61,
"Q26",55,"Cordylanthus ramosus",1,
"Q26",56,"Cordylanthus ramosus",2,
"Q26",56,"Polygonum engelmannii",12,
